source_platform,source_platform_url,data.id,data.desc,data.createTime,data.stats.collectCount,data.stats.commentCount,data.stats.diggCount,data.stats.playCount,data.stats.shareCount,data.author.nickname,data.author.id,data.duetDisplay,data.duetEnabled,data.author.uniqueId,video_url,sentiment_rulebased,voting.topic,engagement_score
tiktok.com,https://www.tiktok.com/@juso_schweiz,7557391049988197635,"MEHRHEIT DER SCHWEIZER*INNEN WILL SUPERREICHE STOPPEN 74% der Bev√∂lkerung sehen Milliard√§re als Gefahr f√ºr unsere Gesellschaft. 60% haben Angst vor der Klimakrise und dass demokratische Prozesse ausgeh√∂hlt werden. Das zeigt eine neue Umfrage von SRF und gfs.Bern mit rund 55'000 Teilnehmenden. Superreiche zerst√∂ren mit ihren Investitionen das Klima und kaufen sich mit den Milliarden daraus politische Macht und Einfluss. Wenn wir unsere Zukunft sichern wollen, m√ºssen wir die Superreichen stopppen. 67% der Befragten wollen grosse Verm√∂gen st√§rker besteuern. Genau dort setzt die Initiative f√ºr eine Zukunft an und liefert damit die richtige Antwort auf die gr√∂ssten Krisen dieser Zeit. Darum: Am 30. November JA zur Initiative f√ºr¬†eine¬†Zukunft!",2025-10-04 15:37:06,5,4,94,1171,1,JUSO Schweiz,6979961727183045638,0,True,juso_schweiz,https://www.tiktok.com/@juso_schweiz/video/7557391049988197635,-1.0,0,-3.0572651242596476
tiktok.com,https://www.tiktok.com/@juso_schweiz,7553770654672162070,"Sie erben Milliarden, und wir? Wir erben die von ihnen verursachten Krisen. Die B√ºrgerlichen ballern gerade Millionen in eine Angstkampagne gegen die Initiative f√ºr eine Zukunft. Und wer profitiert davon? Die bestgesch√ºtzteste Minderheit der Schweiz: Die Superreichen. Aber wir sind viele. Mit unserem Crowdfunding legen wir den ersten Stein f√ºr die heisseste Phase dieses Abstimmungskampfs. Mit diesem Geld k√§mpfen wir f√ºr nichts weniger als die sozial- und klimagerechte, demokratisierte Zukunft.  Flyer, Plakate, Aktionen, all das kostet. F√ºr eine schlagkr√§ftige Kampagne, brauchen wir das Geld jetzt und nicht erst am 30. November. Das Crowdfunding l√§uft nur noch 5 Tage! Nur bis am 29. September kannst du noch Teil davon sein, spende bitte jetzt!  Gemeinsam gegen ihre Millarden, f√ºr eine lebenswerte Zukunft. Die Uhr tickt!",2025-09-24 21:28:09,5,27,95,1961,2,JUSO Schweiz,6979961727183045638,0,True,juso_schweiz,https://www.tiktok.com/@juso_schweiz/video/7553770654672162070,0.11,0,-2.2066199439344203
tiktok.com,https://www.tiktok.com/@juso_schweiz,7552202232297491734,"Jetzt f√ºrs Crowdfunding f√ºr eine Zukunft spenden. Sie erben Milliarden, wir die Krisen. F√ºr die klimagerechte Zukunft (und f√ºr Silas)!",2025-09-20 16:01:50,1,1,64,1088,4,JUSO Schweiz,6979961727183045638,0,True,juso_schweiz,https://www.tiktok.com/@juso_schweiz/video/7552202232297491734,-0.35,0,-3.1083064603193677
tiktok.com,https://www.tiktok.com/@juso_schweiz,7551049034052472086,SHIRTDROP! üëïüî• TAX THE RICH! Link in Bio ‚ú®,2025-09-17 13:26:52,3,2,51,574,0,JUSO Schweiz,6979961727183045638,0,True,juso_schweiz,https://www.tiktok.com/@juso_schweiz/video/7551049034052472086,0.0,0,-3.5442258704882255
tiktok.com,https://www.tiktok.com/@juso_schweiz,7550971969156435222,"Merci f√ºr die bisherige Unterst√ºtzung ‚ù§Ô∏è Das Crowdfunding braucht jetzt nur noch gut 40‚Äò000 Franken bis Ende September (Neeeeiiin, niemand hat hier Panik‚Ä¶) Falls du paar Fr√§nkli √ºbrig hast, steck sie doch in unsere Kampagne f√ºr eine klimagerechte Zukunft ‚ú® üëâ Link ist in der Bio",2025-09-17 08:27:51,0,1,22,476,1,JUSO Schweiz,6979961727183045638,0,True,juso_schweiz,https://www.tiktok.com/@juso_schweiz/video/7550971969156435222,0.17,0,-3.6777998587947107
tiktok.com,https://www.tiktok.com/@juso_schweiz,7549922414176619798,"Knapp 13‚Äò000 Franken sind bereits f√ºrs Crowdfunding f√ºr eine Zukunft zusammengekommen. üéâ üëâJetzt m√ºssen wir aber nochmal vorw√§rtsmachen. Was hilft:,üí∞ Spenden (Link in Bio),üì¢ Video teilen,üó£Ô∏è Weitererz√§hlen Danke‚ù§Ô∏è #initiativef√ºreinezukunft #crowdfunding #fundraisersilas",2025-09-14 12:34:59,0,0,26,479,1,JUSO Schweiz,6979961727183045638,0,True,juso_schweiz,https://www.tiktok.com/@juso_schweiz/video/7549922414176619798,0.18,0,-3.6817101188940953
tiktok.com,https://www.tiktok.com/@juso_schweiz,7537998743933701398,"NEHMT DAS GELD DEN REICHSTEN, GEBT ES DEM KLIMA Wir haben unsere Abstimmungskampagne f√ºr die Initiative f√ºr eine Zukunft lanciert. Zeit, das wir die Suprreichen stoppen und f√ºr ihre Kliaverrechen zur Verantwortung ziehen. Am 30. November JA zur Initiative f√ºr eine Zukunft!",2025-08-13 09:25:05,5,19,156,2107,16,JUSO Schweiz,6979961727183045638,0,True,juso_schweiz,https://www.tiktok.com/@juso_schweiz/video/7537998743933701398,0.13,0,-1.1080006481851914
tiktok.com,https://www.tiktok.com/@juso_schweiz,7537314346565766422,Help Silas: Jetzt Crowdfunding unterst√ºtzen. (Link in Bio‚ù§Ô∏è) #juso #schweiz #fyp #politics #climate #crowdfunding #politik #taxtherich ,2025-08-11 13:09:16,1,2,66,1273,3,JUSO Schweiz,6979961727183045638,0,True,juso_schweiz,https://www.tiktok.com/@juso_schweiz/video/7537314346565766422,0.0,0,-3.0959063915238763
tiktok.com,https://www.tiktok.com/@juso_schweiz,7525954109594406166,"In Eschenbach sollte eine junge Lehrerin ihre Stelle antreten: fachlich geeignet, engagiert, bereit Weihnachten zu feiern. Aber sie tr√§gt Kopftuch. Was passiert? Eltern beschweren sich, die Schule knickt ein. Jetzt will die SVP Kanton St. Gallen diesen Einzelfall ausnutzen und ein gesetzliches Kopftuchverbot f√ºr Lehrerinnen einf√ºhren. Und sie nennen das ‚ÄöNeutralit√§t‚Äò. Aber wir m√ºssen ehrlich sein: Das ist keine Neutralit√§t. Das ist Diskriminierung mit Ansage. Das ist antimuslimischer Rassismus. Kein Platz f√ºr Kopftuchverbote. Kein Platz f√ºr Diskriminierung. Punkt",2025-07-11 22:25:46,102,502,1593,31100,114,JUSO Schweiz,6979961727183045638,0,True,juso_schweiz,https://www.tiktok.com/@juso_schweiz/video/7525954109594406166,0.76,0,32.362427880697375
tiktok.com,https://www.tiktok.com/@juso_schweiz,7525209959538101526,"NIEMAND WILL DEINE AUTOBAHNEN R√ñSTI Im letzten Herbst hat die Schweizer Stimmbev√∂lkerung einen Autobahnausbau abgelehnt. Auf einer gestrigen Bergwanderung mit Medienschaffenden hat jetzt Albert aber kommuniziert, dass er die abgelehnten Projekte nochmals pr√ºfen lassen will. Es gibt nichts mehr zu pr√ºfen. Sie wurden abgelehnt. Auch ein Bundesrat muss sich der Demokratie beugen.",2025-07-09 22:18:03,0,0,24,866,0,JUSO Schweiz,6979961727183045638,0,True,juso_schweiz,https://www.tiktok.com/@juso_schweiz/video/7525209959538101526,-1.0,0,-3.6679238616216723
tiktok.com,https://www.tiktok.com/@juso_schweiz,7523192612455533846,"Zum 4. Juli, dem Unabh√§ngigkeitstag der USA haben wir der US-Botschaft einen kurzen Besuch abgestattet. ",2025-07-04 11:49:42,1,2,56,1161,0,JUSO Schweiz,6979961727183045638,0,True,juso_schweiz,https://www.tiktok.com/@juso_schweiz/video/7523192612455533846,-0.0,0,-3.3783400153345378
tiktok.com,https://www.tiktok.com/@juso_schweiz,7522406884159114518,Heute beginnt die Fussball EM‚öΩÔ∏èüíú Unterschreibe jetzt unsere Petition f√ºr konkrete Verbesserungen im Frauensport.  Mit unseren Stickern kannst du uns zudem helfen die Petition zu verbreiten. Link in Bio,2025-07-02 09:00:43,18,83,326,12200,129,JUSO Schweiz,6979961727183045638,0,True,juso_schweiz,https://www.tiktok.com/@juso_schweiz/video/7522406884159114518,0.38,0,11.482641507590273
tiktok.com,https://www.tiktok.com/@juso_schweiz,7522113901589269782,Am 30. November 2025 kommt die Initiative f√ºr eine Zukunft zur Abstimmung. tax the rich,2025-07-01 14:03:47,1,1,30,544,0,JUSO Schweiz,6979961727183045638,0,True,juso_schweiz,https://www.tiktok.com/@juso_schweiz/video/7522113901589269782,0.0,0,-3.687342689418716
tiktok.com,https://www.tiktok.com/@juso_schweiz,7513121227863608598,St√§nderat looking @ you! Sagt je zur Initiative f√ºr eine Zukunft!,2025-06-07 08:27:39,0,8,85,2149,0,JUSO Schweiz,6979961727183045638,0,True,juso_schweiz,https://www.tiktok.com/@juso_schweiz/video/7513121227863608598,0.0,0,-2.8371292364525287
tiktok.com,https://www.tiktok.com/@juso_schweiz,7507406713239145750,"Unsere Generation verliert den Halt. Und nein, das ist kein Gef√ºhl ‚Äì das ist FAKT! Eine neue internationale Studie best√§tigt, was wir l√§ngst sp√ºren: Unsere mentale Gesundheit ist AM LIMIT. Seit 2015 explodiert die Zahl der Betroffenheit von psychischen Leiden bei jungen Menschen weltweit. Warum? Weil wir im Dauer-Krisenmodus leben: üëâKlimakatastrophe, die unsere Zukunft bedroht (84% der Jugendlichen haben zurecht Angst) üëâSoziale Ungleichheit, die sich versch√§rft W√§hrend sich die Krisen t√ºrmen, werden wir im Stich gelassen. Die Antwort der Reichen und M√§chtigen? Statt Unterst√ºtzung servieren sie uns Leistungs- und Konkurrenzdruck. Statt Sicherheit gibts prek√§re Jobs. Das ist keine Nachl√§ssigkeit, das ist politische VERWEIGERUNG! Sie z√ºnden zurzeit munter unser aller Zukunft an. Wir sagen klar: Das ist kein Fehler im Sytsem. Das System ist der Fehler. Achtsamkeitskurse reichen nicht! Wenn wir die √Ñngste dieser Generation auffangen und aufl√∂sen wollen, m√ºssen wir das Problem an der Wurzel bek√§mpfen. Wir brauchen: üëâRichtigen Klimaschutz ‚Äì SOFORT! üëâR√ºckverteilung vom Verm√∂gen der Reichsten! üëâEchte politische Mitsprache f√ºr UNS! Die Initiative f√ºr eine Zukunft ist eine solidarische, mutige und ernsthafte Antwort auf diese fatalen Zust√§nde. Wir fordern, was l√§ngst √ºberf√§llig ist: Klimagerechtigkeit, Investitionen in unsere Sicherheit und eine echte Stimme f√ºr die, die diese Zukunft gestalten (und ertragen) m√ºssen. #juso  #SystemChangeNOW #MentaleGesundheit #Klimagerechtigkeit ",2025-05-22 22:52:24,1,2,27,1307,0,JUSO Schweiz,6979961727183045638,0,True,juso_schweiz,https://www.tiktok.com/@juso_schweiz/video/7507406713239145750,-1.0,1,-3.49598976752169
tiktok.com,https://www.tiktok.com/@juso_schweiz,7507406308803448086,"Setzen wir ein Zeichen f√ºr Menschlichkeit! Kommt an die Kundgebung in Schwyz! Wo: Hofmattplatz, Schwyz (bei Bushaltestelle Schwyz Zentrum) Wann: Samstag, 14:00 Uhr Die Kundgebung ist bewilligt",2025-05-22 22:50:52,2,2,53,1261,0,JUSO Schweiz,6979961727183045638,0,True,juso_schweiz,https://www.tiktok.com/@juso_schweiz/video/7507406308803448086,0.0,0,-3.370318560611774
tiktok.com,https://www.tiktok.com/@juso_schweiz,7498104190871391510,ou nein! ,2025-04-27 21:13:49,10,30,179,8710,12,JUSO Schweiz,6979961727183045638,0,True,juso_schweiz,https://www.tiktok.com/@juso_schweiz/video/7498104190871391510,0.0,0,0.5943796527434122
tiktok.com,https://www.tiktok.com/@juso_schweiz,7498103811446246678,"Do something about it: Werde JUSO-Mitglied! Superreiche jammern in der SRF-Rundschau rum, dass alle nur neidisch auf ihr Geld seien und dass sie die Milliarden wiiirklich verdient haben und sicher nichts davon den Menschen, die dieses Geld eigentlich erarbeitet haben zur√ºckgeben sollten...",2025-04-27 21:12:22,14,33,349,6387,9,JUSO Schweiz,6979961727183045638,0,True,juso_schweiz,https://www.tiktok.com/@juso_schweiz/video/7498103811446246678,0.16,1,0.808771992881292
tiktok.com,https://www.tiktok.com/@juso_schweiz,7485695016384433430,"Sie rauben unsere Zukunft und die B√ºrgerlichen reichen die Hand: Superreiche stoppen! Es liegt an uns, f√ºr eine √∂kologische und gerechte Zukunft zu k√§mpfen. #srfarena #initiativef√ºreinezukunft #juso ",2025-03-25 10:39:59,14,54,298,9743,14,JUSO Schweiz,6979961727183045638,0,True,juso_schweiz,https://www.tiktok.com/@juso_schweiz/video/7485695016384433430,-0.76,0,2.2162209872919574
tiktok.com,https://www.tiktok.com/@juso_schweiz,7485366588032470294,Sandro Broastz stellt die richtigen Fragen. #initiativef√ºreinezukunft #srfarena #juso ,2025-03-24 13:25:26,25,26,426,5117,27,JUSO Schweiz,6979961727183045638,0,True,juso_schweiz,https://www.tiktok.com/@juso_schweiz/video/7485366588032470294,0.0,0,1.9513171354705472
tiktok.com,https://www.tiktok.com/@juso_schweiz,7483492981543144726,"Solange es Superreiche gibt, wird es die Klimakrise geben. #initiativefuereinezukunft ",2025-03-19 12:14:52,2,5,71,1609,2,JUSO Schweiz,6979961727183045638,0,,juso_schweiz,https://www.tiktok.com/@juso_schweiz/video/7483492981543144726,0.0,0,-2.980546931561492
tiktok.com,https://www.tiktok.com/@juso_schweiz,7483445175843360022,D√ºe b√ºrgerlichen Handlanger*innen der Klimaverbrecher haben gestern gegen unsere Initiative gestimmt. #erbschaftssteuer #fuersKlima #Initiativefuereinezukunft,2025-03-19 09:09:22,9,53,215,5663,12,JUSO Schweiz,6979961727183045638,0,True,juso_schweiz,https://www.tiktok.com/@juso_schweiz/video/7483445175843360022,0.0,0,0.6485682812710181
tiktok.com,https://www.tiktok.com/@juso_schweiz,7482724059676019990,Erben f√ºr alle. #Initiativefuereinezukunft #gruenech #erbschaftssteuer,2025-03-17 10:31:12,2,9,61,1267,4,JUSO Schweiz,6979961727183045638,0,True,juso_schweiz,https://www.tiktok.com/@juso_schweiz/video/7482724059676019990,0.01,0,-2.876367140014212
tiktok.com,https://www.tiktok.com/@juso_schweiz,7482296377440029974,Radikal und anmassend und obsz√∂n #schweizerpolitik #sp #juso #initiativefuereinezukunft ,2025-03-16 06:51:39,20,94,246,4889,16,JUSO Schweiz,6979961727183045638,0,True,juso_schweiz,https://www.tiktok.com/@juso_schweiz/video/7482296377440029974,-0.49,0,1.949645503412694
tiktok.com,https://www.tiktok.com/@juso_schweiz,7480600227330739478,Kein Eigentum kam zu Schaden beim Erstellen dieses Videos. #fdp #juso #initiativefuereinezukunft ,2025-03-11 17:09:30,9,15,145,2009,2,JUSO Schweiz,6979961727183045638,0,True,juso_schweiz,https://www.tiktok.com/@juso_schweiz/video/7480600227330739478,-0.53,0,-2.240180322422433
