source_platform,source_platform_url,data.id,data.caption.text,data.media_type,data.like_count,data.comment_count
instagram.com,https://www.instagram.com/fdp_schweiz/,3722232437808885320_2018933737,"ğŸš¨ Blinde Fahndung? - Nicht mit uns! ğŸ¨ Schweizer Polizistinnen und Polizisten dÃ¼rfen nicht mehr erfassen, welche Hautfarbe ein Verbrecher hat. Wir setzen uns ein fÃ¼r eine Polizei, die ohne Scheuklappen arbeiten kann - fÃ¼r die Sicherheit unserer BevÃ¶lkerung! ğŸ’ª ğŸ–Šï¸ Unterzeichne jetzt unsere Petition (Link in Bio)",1,853,48
instagram.com,https://www.instagram.com/fdp_schweiz/,3687962104808465332_2018933737,"ğŸ«µ Genug von Politik, die erst erklÃ¤rt wird, wennâ€™s schon zu spÃ¤t ist? Wir auch. ğŸ‘‹ Willkommen zu unserem neuen Format â€“ frÃ¼her dran, klarer im Ton und mit etwas mehr ğŸ”¥. âŒ Keine PDFs. Keine Parteisprache. Kein Filter. ğŸ¬ Hier gibtâ€™s: ğŸ“Œ ErklÃ¤rvideos, die du wirklich verstehst ğŸ“Œ Themen, die bald zur Abstimmung kommen ğŸ“Œ Meinungen, die sich was trauen Starten wir mit der JUSO-Initiative â€“ und warum 50â€¯% Erbschaftssteuer nur der Anfang wÃ¤re. ğŸ¯ Bleib dran â€“ hier lÃ¤uft Politik anders. #politikohnefilter #jusoinitiative #klartext #fdp #erbschaftssteuer #abstimmung2025 #wirtschaftverstehen",2,501,24
instagram.com,https://www.instagram.com/fdp_schweiz/,3739630390785956783_2018933737,"Wenn ein grosses VermÃ¶gen vererbt wird, steckt es meistÂ nicht auf dem Konto, sondernÂ im Unternehmen. Bei multinationalen Konzernen wÃ¤re das anders geregelt â€“ aber fÃ¼r SchweizerÂ Familienbetriebe und KMUÂ wÃ¤re genau das RealitÃ¤t: ğŸ‘‰ Sie mÃ¼ssten Firmenanteile verkaufen, nur um die Steuer zu zahlen. Ãœbrigens: Wir haben in unserer Serie bewusstÂ zwei Buchstaben Ã¼bersprungenÂ â€“ damit wir schneller zu den Themen kommen, die jetzt wirklich zÃ¤hlen ğŸ˜‰ #JUSOInitiative #Erbschaftssteuer #KMU #FDP #Wirtschaftsstandort",2,117,12
instagram.com,https://www.instagram.com/fdp_schweiz/,3738766810393616183_2018933737,"âŒ Die Juso-Enteignungsinitiative schafft nur Verlierer. Gestern fand in Bern die Medienkonferenz der Allianz Â«NEIN zur extremen Juso-InitiativeÂ» statt. Thierry Burkart hat die Gefahren der Initiative aufgezeigt: Â«Diese Initiative ist extrem und wÃ¼rde dazu fÃ¼hren, dass viele Unternehmerinnen und Unternehmer, die ihr Unternehmen an die nachfolgende Generation weitergeben mÃ¶chten, dies nicht mehr tun kÃ¶nnen. Das Geld haben sie nicht unter dem Kopfkissen, sondern in der Firma. Diese mÃ¼ssten sie entweder liquidieren, an einen auslÃ¤ndischen Konzern verkaufen oder ins Ausland ziehen. Damit wÃ¼rde die Schweiz wichtige Steuereinnahmen verlierenÂ».",1,155,0
instagram.com,https://www.instagram.com/fdp_schweiz/,3735397937762361286_2018933737,"Anpacken statt ankleben! Unser Nationalrat @dobler_marcel, @fdpdieliberalensg, hat bereits 2024 eine Motion eingereicht, um diese gefÃ¤hrlichen VerkehrsstÃ¶rungen unter Strafe zu stellen. Es gibt gute GrÃ¼nde und viele taugliche Mittel, um sich fÃ¼r Klimaschutz einzusetzen. Die gefÃ¤hrlichen Blockaden von Hauptverkehrsstrassen gehÃ¶ren nicht dazu! Die Klimakleber : 1. blockieren Rettungsfahrzeuge ğŸš‘ğŸš’ğŸš“ 2. gefÃ¤hrden Autofahrer, Polizisten und sich selbst 3. belasten das Gewerbe massiv. Absurd: Sogar KMU, die eine energetische Sanierung durchfÃ¼hren wollen, sind im Stau blockiert. Via @blick",8,207,15
instagram.com,https://www.instagram.com/fdp_schweiz/,3730766398701284061_2018933737,ğŸ”„ Eine Generation baut auf. Die nÃ¤chste soll verkaufen? Die Erbschaftssteuer-Initiative ist kein Zukunftsprojekt â€“ sondern ein RÃ¼ckschritt. Wir geben keine Schulden weiter. Sondern Verantwortung. ğŸ’¬ Schreib in die Kommentare: Was wÃ¼rdestÂ duÂ weitergeben wollen? #Erbschaftssteuer #Generationen #JusoInitiative #FDP #Verantwortung #LiberalDenken #Familienbetriebe #ZukunftGestalten #PolitikErklÃ¤rt,2,225,21
instagram.com,https://www.instagram.com/fdp_schweiz/,3728030592597019160_2018933737,"Die KrankenkassenprÃ¤mien steigen und steigen. Was tun? Die Politik muss aufhÃ¶ren, den BÃ¼rgerinnen und BÃ¼rgern nach dem Mund zu reden. Die FDP verlangt eine ehrliche Analyse bei den Kosten â€“ und echte Reformen, die die Menschen entlasten. ğŸ“° Lies jetzt unsere Medienmitteilung im Link in unserer Bio!",8,114,5
instagram.com,https://www.instagram.com/fdp_schweiz/,3727346754656992294_2018933737,"âŒ Die SVP will den bewÃ¤hrten bilateralen Weg kappen. Das fÃ¼hrt zu Chaos, zerstÃ¶rt ArbeitsplÃ¤tze und schwÃ¤cht die Sicherheit in unserem Land. Weniger ArbeitskrÃ¤fte â€“ dafÃ¼r mehr Asylmigration? Nein danke. Die FDP sagt nein zu Chaos und deshalb nein zur KÃ¼ndigungsinitiative! ğŸ‘‰ Sag jetzt auch du NEIN zur gefÃ¤hrlichen KÃ¼ndigungsinitiative (Link in Bio)",8,95,2
instagram.com,https://www.instagram.com/fdp_schweiz/,3726568272885043298_2018933737,"ğŸ‘€ Wenn Politik keine LÃ¶sungen hat, sucht sie Schuldige. Die JUSO-Initiative machtÂ *Erfolgreiche zum Feindbild*Â â€“ und nennt das â€sozial gerechtâ€œ. Doch wenn Reiche auswandern, nehmen sie Jobs, Innovation und Steuereinnahmen mit. â¡ï¸ Am Ende bleibt: Frust, Ideologie â€“ und ein kaputter Mittelstand. Die FDP sagt: Politik sollteÂ *verbinden statt spalten*. Denn wer Wohlstand bekÃ¤mpft, macht Armut salonfÃ¤hig. â“ Was meinst du: Hat Neid in der Steuerpolitik etwas verloren? #JUSOInitiative #Steuern #FDP #Neidpolitik #Mittelstand",2,218,15
instagram.com,https://www.instagram.com/fdp_schweiz/,3725616125838138221_2018933737,"Schwarz, weiss, grÃ¼n oder blau? â¬›â¬œğŸŸ©ğŸŸ¦ Das Fedpol - die Lieblingssicherheitspolitische Institution von ""Bern einfach""...  Seit Kurzem dÃ¼rfen Schweizer Polizistinnen und Polizisten nÃ¤mlich nicht mehr erfassen, welche Hautfarbe eine gesuchte Person hat. ğŸ¤¦â€â™€ï¸ğŸ¤¦â€â™‚ï¸ Die FDP wehrt sich gegen diese Scheuklappen, die das Fedpol der Polizei auferlegt hat! Wehre auch du dich dagegen und unterzeichne jetzt unsere Petition Ã¼ber den Link in unserer Bio und teile diesen Post mit deinen Freunden! ğŸ’ª #berneinfach #fdpschweiz #FDPDieLiberalen",2,254,2
instagram.com,https://www.instagram.com/fdp_schweiz/,3725135539960585784_2018933737,"Der Bund gibt mehr Geld aus, als er einnimmt: unserem Land drohen Milliardendefizite. ğŸ’¸ Der Bundesrat handelt richtig und prÃ¤sentiert Entlastungsmassnahmen. Falsch ist jedoch, dass er gleichzeitig die privaten VorsorgevermÃ¶gen hÃ¶her besteuern will. Dagegen wird sich die FDP wehren - fÃ¼r alle, die tagtÃ¤glich den Wecker stellen und arbeiten gehen! â° ğŸ“° Lies jetzt die gesamte Medienmitteilung Ã¼ber den Link in unserer Bio @thierryburkart @andrisilberschmidt",8,82,1
instagram.com,https://www.instagram.com/fdp_schweiz/,3723656649064849044_2018933737,Die heute verÃ¶ffentlichte Tamedia-Umfrage zeigt: Die Mehrheit der Schweizer BevÃ¶lkerung sagt JA zur e-ID ğŸªª Die e-ID ermÃ¶glicht eine sichere und freiwillige Modernisierung langwieriger VerwaltungsvorgÃ¤nge ğŸ’ª Wir sagen: âœ… JA zur digitalen Sicherheit âœ… JA zu einer vereinfachten Identifikation âœ… JA zur e-ID,1,124,10
instagram.com,https://www.instagram.com/fdp_schweiz/,3722736389919184332_2018933737,"Die SP vor der Abstimmung: ""Der AHV geht es gut.â€œ ğŸ‘¼  Die SP nach der Abstimmung: â€Wir mÃ¼ssen die Steuern erhÃ¶hen!â€œ ğŸ˜ˆğŸ¤˜ @spschweiz",2,248,6
instagram.com,https://www.instagram.com/fdp_schweiz/,3720670369696022858_2018933737,"Du baust dein Leben lang auf â€“ und dann verlangt der Staat: â€Gib die HÃ¤lfte her.â€œ Die JUSO nennt das Gerechtigkeit. Wir nennen es: Strafe fÃ¼r Eigenverantwortung. ğŸ”¨ Unternehmen verkaufen, nur weil geerbt wurde? Das trifft nicht die Superreichen â€“ sondern den liberalen Mittelstand. ğŸ’¬ Schreib in die Kommentare: Was bedeutet fÃ¼r dichÂ Eigenverantwortung? #Erbschaftssteuer #FDP #Eigenverantwortung #JusoInitiative #KMU #Nachfolge #VermÃ¶gen #LiberalDenken #SteuernMitMass",2,295,59
instagram.com,https://www.instagram.com/fdp_schweiz/,3719949706521490170_2018933737,"ğŸ«¨ Es tÃ¶nt wie ein schlechter Witz: Schweizer Polizistinnen und Polizisten dÃ¼rfen seit Neustem nicht mehr erfassen, welche Hautfarbe ein Verbrecher hat.  ğŸ¥‹ğŸ’ª Dagegen wehren wir uns mit einer Petition und VorstÃ¶ssen im Parlament. Schluss mit den stÃ¤ndigen ideologischen Angriffen auf unsere SicherheitskrÃ¤fte. ğŸ–Šï¸ Unterzeichne jetzt die Petition und wehre dich gegen den Woke-Wahnsinn zulasten unserer Sicherheit! (Link in Bio)",8,734,54
instagram.com,https://www.instagram.com/fdp_schweiz/,3719818012431194204_2018933737,ğŸ“¬ğŸ¥³ Die neue Ausgabe des Schweizer Freisinns flattert heute in die BriefkÃ¤sten unserer Abonnentinnen und Abonnenten und ist online als Flipbook verfÃ¼gbar (Link in Bio). ğŸ‘‰ NEU finden Sie auch ausgewÃ¤hlte Artikel in unserem Online Magazin (Link in Bio) #fdpwecker #steuern #freisinn,8,72,0
instagram.com,https://www.instagram.com/fdp_schweiz/,3719153754072513674_2018933737,"Was ist eigentlich eine Session? Wer sitzt da drin? Und was passiert da genau? Viermal pro Jahr trifft sich das Parlament zur Session â€“ und dort werden die Weichen gestellt fÃ¼r alles: ğŸ’¼ Gesetze ğŸ“Š Budget ğŸŒ± Klima ğŸ§‘â€âš–ï¸ Wahlen ğŸ“ƒ VorstÃ¶sse Und: Die Sitzungen sind Ã¶ffentlich. Du kannst zuschauen â€“ oder besser: verstehen, mitreden, mitgestalten. ğŸ’¬ Was wÃ¼rdest du im Bundeshaus ansprechen, wenn du 2 Minuten Redezeit hÃ¤ttest? ğŸ‘‡ Schreibâ€™s in die Kommentare & folge fÃ¼r mehr Insights direkt aus dem Bundeshaus. #SessionErklÃ¤rt #Bundeshaus #PolitikVerstehen #FDP #DemokratieLive #LiberalDenken #PolitikErklÃ¤rt #CHpolitics #ParlamentSchweiz",2,301,6
instagram.com,https://www.instagram.com/fdp_schweiz/,3718518751428651321_2018933737,"ğŸ‘¶ Internationale Adoptionen sollen mÃ¶glich bleiben!  Der Nationalrat folgt der FDP und stellt sich gegen ein generelles Verbot - ein deutliches Signal an Bundesrat Beat Jans, der die unverhÃ¤ltnismÃ¤ssige Massnahme vorgeschlagen hatte. Die Schweiz soll weiter ein Land bleiben, das Kindern in Not eine Perspektive bieten kann. ğŸ“° Mehr dazu findest du in unserer Medienmitteilung Ã¼ber den Link in unserer Bio.",8,82,4
instagram.com,https://www.instagram.com/fdp_schweiz/,3717912621342010054_2018933737,ğŸ’°ğŸ“ˆ Angesichts der US-StrafzÃ¶lle hat der Schutz von ArbeitsplÃ¤tzen und Schweizer LÃ¶hnen hÃ¶chste PrioritÃ¤t.  Das hat die FDP-Liberale Fraktion an ihrer heutigen Sitzung unmissverstÃ¤ndlich festgehalten und die Weichen fÃ¼r die laufende Herbstsession gestellt. Insbesondere der arbeitende Mittelstand und die KMU mÃ¼ssen entlastet werden. ğŸ” Die ganze Medienmitteilung und unsere VorstÃ¶sse kannst du Ã¼ber den Link in unserer Bio lesen. #fdpwecker,8,101,2
instagram.com,https://www.instagram.com/fdp_schweiz/,3717191672728670875_2018933737,"Heute wurde @severinbrungger als StÃ¤nderat fÃ¼r den Kanton Schaffhausen vereidigt. ğŸ¥³ Wir wÃ¼nschen dir viel Freude und Erfolg in deiner neuen Funktion, lieber Severin ğŸ’™",1,297,4
instagram.com,https://www.instagram.com/fdp_schweiz/,3714192747910737380_2018933737,"ğŸ§¾ Einkommen, Dividende, VermÃ¶gen â€“ alles schon versteuert. Und dann, beim Vererben:Â nochmal 50â€¯%? Das ist keine Gerechtigkeit. Das ist doppelte Besteuerung â€“ und ein liberaler Albtraum. ğŸ“‰ Kein Staat sollte zweimal abkassieren, nur weil jemand etwas aufgebaut hat. ğŸ“¢ Sag uns in den Kommentaren: ğŸ‘‰ Wer sollte deiner Meinung nachÂ wirklichÂ mehr zahlen? #Erbschaftssteuer #JusoInitiative #DoppelteBesteuerung #FDP #LiberalDenken #KMU #Eigenverantwortung #NoEnteignung #PolitikErklÃ¤rt",2,161,9
instagram.com,https://www.instagram.com/fdp_schweiz/,3713506025010651016_2018933737,"âŒ Die FDP lehnt die Neuauflage der sogenannten Â«KonzernverantwortungsinitiativeÂ» ab. Das Letzte, was unser Land jetzt braucht, sind neue Regulierungen zulasten der Unternehmen! ğŸ‘‰ Mehr dazu findest Du in unserem Post und unserer Medienmitteilung Ã¼ber den Link in unserer Bio.",8,191,1
instagram.com,https://www.instagram.com/fdp_schweiz/,3709933444026366969_2018933737,"Mitte-Links will dem Mittelstand noch tiefer in die Tasche greifen. Ihre Politiker haben erneut eine massive MehrwertsteuererhÃ¶hung beschlossen, anstatt die AHV endlich zu stabilisieren. ğŸ“ˆğŸ’° Die FDP wird diese Verantwortungslosigkeit entschieden bekÃ¤mpfen â€“ notfalls an der Urne. ğŸ’ª ğŸ“° Mehr dazu findest Du in unserer Bildstrecke und der Medienmitteilung (Link in Bio).",8,289,13
instagram.com,https://www.instagram.com/fdp_schweiz/,3709726204715934115_2018933737,"C wie Chancengleichheit. FÃ¼r uns Freisinnige bedeutet das: gleiche Chancen am Start â€“ nicht Gleichmacherei am Ziel. ğŸ‘‰ Bildung, Aufstiegschancen und faire Rahmenbedingungen â€“ ja. ğŸ‘‰ Aber eine 50%-Steuer auf Familienunternehmen und NachlÃ¤sse, wie die JUSO sie will? Das zerstÃ¶rt Leistung, Innovation und ArbeitsplÃ¤tze. Chancengerechtigkeit heisst fÃ¶rdern, nicht bestrafen. #Chancengerechtigkeit #LeistungMussSichLohnen #NeinZurJUSOInitiative #FDP",2,204,18
instagram.com,https://www.instagram.com/fdp_schweiz/,3703926174187446950_2018933737,"ğŸš¨ B wie Betriebsnachfolge: â€Erben? Nur wenn du vorher verkaufst.â€œ ğŸ¤¯   Das ist die RealitÃ¤t der JUSO-Initiative:   âŒ 50 % Steuern auf Nachfolge âŒ Familienunternehmen in Gefahr âŒ ArbeitsplÃ¤tze auf dem Spiel   ğŸ‘‰ Wenn die Nachfolge scheitert, verliert nicht nur die Familie â€“ sondern die ganze Region.   #betriebsnachfolge #familienunternehmen #kmu #neinzurjusoinitiative #FDP.DieLiberalen",2,102,6
instagram.com,https://www.instagram.com/fdp_schweiz/,3701941959602311189_2018933737,"âœï¸ğŸ“– Back to School! Good vibes zum Start ins neue Schuljahr. ğŸ’™ ğŸ‘‰ Grundkompetenzen = SuperkrÃ¤fte der SchÃ¼lerinnen und SchÃ¼lerğŸ’ª ğŸ‘‰ Weniger Stress, mehr Vereinbarkeit fÃ¼r ElternğŸƒâ€â™€ï¸ ğŸ‘‰ Weniger BÃ¼rokratie, mehr Zeit fÃ¼rs Unterrichten fÃ¼r Lehrpersonen ğŸ‘©â€ğŸ« Bildung ist wie WiFi: Wenn sie stark ist, bleibt unsere Gesellschaft verbunden. ğŸ˜‰âœ¨",2,224,11
instagram.com,https://www.instagram.com/fdp_schweiz/,3698990720799405700_2018933737,"ğŸ’¸ A wie Abwanderung: Wenn du 50% deines Erbes abgeben mÃ¼sstest â€“ wÃ¼rdest du bleiben? Die JUSO-Initiative klingt sozial â€“ aber sie gefÃ¤hrdet Jobs, Investitionen und Steuereinnahmen. Wenn Unternehmer:innen und VermÃ¶gende gehen, zahlen am Ende wir die Rechnung. ğŸ‘‰ Was wÃ¼rdest du tun? Auswandern oder bleiben? Schreibâ€™s in die Kommentare! #JUSOInitiative #Erbschaftssteuer #FDP #Abwanderung #Steuern #Politik #Liberalismus #Schweiz",2,118,24
instagram.com,https://www.instagram.com/fdp_schweiz/,3698347346759983272_2018933737,"Die Schweiz braucht dringend mehr COâ‚‚-neutralen Strom, um das Netto-Null-Ziel zu erreichen. Dass der Bundesrat das Kernenergieverbot aufheben will, ist ein wichtiger Schritt zurÃ¼ck zur Vernunft. Neben Wind, Sonne und Wasser muss auch sichere Kernkraft im Energiemix mÃ¶glich sein. ğŸƒğŸŒğŸ’§âš›ï¸ ğŸŒ³Mehr dazu findest du in unserer Medienmitteilung (link in bio)",1,91,5
instagram.com,https://www.instagram.com/fdp_schweiz/,3697412514212453271_2018933737,"US-StrafzÃ¶lleâš ï¸: @elisaidastrebel erklÃ¤rt, was jetzt zÃ¤hlt âš–ï¸ â€“ und welche Fehler wir uns nicht leisten dÃ¼rfen ğŸš«.",2,291,13
instagram.com,https://www.instagram.com/fdp_schweiz/,3694010912192311660_2018933737,Trumps ZÃ¶lle: Das sind die Dos and Donâ€™ts fÃ¼r die Schweiz.,8,176,3
instagram.com,https://www.instagram.com/fdp_schweiz/,3693370336150529217_2018933737,"Die Gefahr massiver US-ZÃ¶lle auf Schweizer Exporte ist weiterhin akut. FÃ¼r die exportabhÃ¤ngige Schweiz stehen tausende ArbeitsplÃ¤tze auf dem Spiel. ğŸ”µ Die FDP fordert deshalb einen raschen Abschluss der geplanten Freihandelsabkommen mit den Mercosur-Staaten und Indien sowie den Ausbau bestehender Freihandelsabkommen, beispielweise mit Japan oder China.  ğŸ”µ Wer unsere ArbeitsplÃ¤tze und Unternehmen schÃ¼tzen will, muss Handelsbeziehungen ausbauen, statt sie zu blockieren. Parteipolitischer Widerstand gegen den Freihandel gefÃ¤hrdet den Wohlstand unseres Landes.",1,141,10
instagram.com,https://www.instagram.com/fdp_schweiz/,3693046009546758194_2018933737,"ğŸ“˜ Das Erbschaftssteuer-ABC ist da! Komplizierte Initiative? Nicht mit uns. Wir erklÃ¤ren von A wie Abwanderung bis Z wie Zukunftssteuer â€“  ğŸ“Œ verstÃ¤ndlich, kompakt und jede Woche ein neuer Begriff. Denn 50â€¯% Erbschaftssteuer betrifft nicht â€die anderenâ€œ â€“ sondern Familien, Jobs und unsere Zukunft. ğŸ¥ Politik, die man versteht. Fakten mit Haltung. Und manchmal auch mit einem Augenzwinkern. ğŸ˜‰ â“ Welcher Begriff interessiert dich besonders und sollte unbedingt in einem der nÃ¤chsten Videos erklÃ¤rt werden? ğŸ’¬ Schreibâ€™s in die Kommentare! #ErbschaftssteuerABC #JUSOInitiative #Abstimmung2025 #PolitikErklÃ¤rt #FDP #Steuern #Klartext",2,206,11
instagram.com,https://www.instagram.com/fdp_schweiz/,3689532656027298462_2018933737,"Wir wÃ¼nschen allen einen wunderbaren 1. August! Besonders in bewegten Zeiten erkennen wir, wie wertvoll Zusammenhalt ist. Ein herzliches DankeschÃ¶n an alle, die sich mit Herzblut fÃ¼r unsere freisinnigen Werte und eine liberale, erfolgreiche Schweiz einsetzen. Gemeinsam gestalten wir die Zukunft unseres Landes â€“ mit Mut und Zuversicht.",1,167,2
instagram.com,https://www.instagram.com/fdp_schweiz/,3689421446925535568_2018933737,"Mit seiner Zollpolitik bricht US-PrÃ¤sident Donald Trump mit den Prinzipien von VerlÃ¤sslichkeit, Freihandel und einer regelbasierten Weltordnung â€“ genau jenen Werten, fÃ¼r die wir Freisinnigen einstehen. Die FDP verurteilt Trumps Vorgehen aufs SchÃ¤rfste.  Angesichts der drohenden US-ZÃ¶lle von bis zu 39 Prozent braucht es jetzt rasche und entschlossene Massnahmen, um die WettbewerbsfÃ¤higkeit der Schweizer Unternehmen zu stÃ¼tzen und den wirtschaftlichen Schaden zu lindern.",1,371,41
instagram.com,https://www.instagram.com/fdp_schweiz/,3684397880060435872_2018933737,"ğŸ«•Bald ist es soweit: Der 01. August rÃ¼ckt nÃ¤her und wir feiern den Geburtstag der Schweiz ğŸ˜ƒ ğŸ”Wann und wo unser ParteiprÃ¤sident @thierryburkart , sowie BundesprÃ¤sidentin Karin Keller-Sutter und Bundesrat @ignaziocassis Reden halten werden, erfÃ¤hrst Du Ã¼ber den Link in unserer Bio.",1,85,0
instagram.com,https://www.instagram.com/fdp_schweiz/,3669838769529110437_2018933737,"""Mir liegt am Herzen, dass die Vorsorge auch mit Teilzeitpensen abgesichert ist"". â°FÃ¼r alle, die den Wecker stellen. Ob im Job, in der Familie oder im Ehrenamt â€“ Ihr haltet den Laden am Laufen. Danke Euch. FÃ¼r Euch machen wir Politik. ğŸ’™ #fdpwecker",2,95,0
instagram.com,https://www.instagram.com/fdp_schweiz/,3669348038779197598_2018933737,"Die Schweiz schwitzt - und grÃ¼ne Politiker wollen Klimaanlagen verbieten... ğŸ¥µ Die FDP Schweiz bekennt sich zum Netto-Null-Ziel. Um dieses zu erreichen, brauchen wir aber eine Stromoffensive und keine wahnwitzigen Verbote! â˜€ï¸ğŸ’ª ğŸ‘‰ Mehr dazu Ã¼ber den Link in unserer Bio",8,432,40
instagram.com,https://www.instagram.com/fdp_schweiz/,3668580601985164975_2018933737,Heute als Beilage in der NZZ: Das neue Wirtschaftspapier der FDP.  Dazu lesenswerte BeitrÃ¤ge von ParteiprÃ¤sident @thierryburkart und alt Bundesrat Kaspar Villiger â€“ sowie ein spannendes Interview mit Prof. Christoph A. Schaltegger.  ğŸ‘‰ Link zur Beilage in unserer Bio,1,63,0
instagram.com,https://www.instagram.com/fdp_schweiz/,3665615960753478357_2018933737,Wir gratulieren Severin BrÃ¼ngger herzlich zur sensationellen Wahl in den StÃ¤nderat! ğŸ’ğŸ‰,1,446,13
instagram.com,https://www.instagram.com/fdp_schweiz/,3664935271066408721_2018933737,"Das war die Delegiertenversammlung vom 28.06.2025 in Hergiswil, NW. Einstimmig hat das hÃ¶chste Organ der FDP.Die Liberalen Schweiz ein 9-Punkte-Programm verabschiedet â€“ fÃ¼r mehr Eigenverantwortung, mehr Leistungsgerechtigkeit und mehr Zukunftschancen. FÃ¼r die FDP gilt kÃ¼nftig: âœ… Keine neuen Steuern ğŸ’¼ LÃ¶hne statt Sozialhilfe ğŸŒ Freihandel â€“ mit allen ğŸ¤ Generationenvertrag erneuern ğŸ“‰ Ja zum Entlastungspaket ğŸ›‘ Personalstopp beim Bund ğŸ¦ Ersparnisse schÃ¼tzen ğŸ  Wohneigentum ermÃ¶glichen ğŸ›¡ï¸ Stark fÃ¼r die Schwachen ğŸ‘‰ Medienmitteilung: Link in unserer Bio @thierryburkart @ignaziocassis @nantermod @fdp_schweiz",8,208,3
instagram.com,https://www.instagram.com/fdp_schweiz/,3664035668146054679_2018933737,"Â«Die Schmerzgrenze ist jetzt erreicht. Wir werden keinen Rappen Mehrbelastung bei den LÃ¶hnen akzeptieren und jede SteuererhÃ¶hung bekÃ¤mpfenÂ». Wir kÃ¤mpfen fÃ¼r alle, die aufstehen und zur Arbeit gehen, sich um die Familie kÃ¼mmern oder sich fÃ¼rs Allgemeinwohl engagieren - vor Sozialpopulisten, die alles versprechen, aber nie sagen, werâ€™s bezahlen soll. â° #fdpwecker  @thierryburkart",8,598,28
instagram.com,https://www.instagram.com/fdp_schweiz/,3663368647460901537_2018933737,"So geht es nicht! Trotz massiven Widerstands aus der BevÃ¶lkerung hÃ¤lt der Bundesrat an der geplanten Vorsorgesteuer fest und bedient sich ungeniert an den privaten AltersvermÃ¶gen.  Statt endlich ernsthaft beim Staat zu sparen, will er den Mittelstand schrÃ¶pfen â€“ mit einer schÃ¤rferen Steuer auf KapitalbezÃ¼ge aus der zweiten und dritten SÃ¤ule.  âœï¸ Jetzt Petition gegen die Vorsorgesteuer unterzeichnen: Link in unserer Bio",1,153,5
instagram.com,https://www.instagram.com/fdp_schweiz/,3661281391535284218_2018933737,"FÃ¼r die Wirtschaft ist die freiwillige e-ID ein entscheidender Schritt nach vorn. ğŸ“Š Nationalrat Marcel Dobler hat an der Ã¼berparteilichen Medienkonferenz von letzter Woche die wichtigsten Argumente fÃ¼r die e-ID fÃ¼r die Wirtschaft prÃ¤sentiert, Ã¼ber die am 28. September 2025 abgestimmt wird.",1,65,17
instagram.com,https://www.instagram.com/fdp_schweiz/,3659052222181231544_2018933737,Das Parlament hat heute grÃ¼nes Licht fÃ¼r die EinfÃ¼hrung der Individualbesteuerung gegeben â€“ und damit die Heiratsstrafe beseitigt. ğŸ’ª Der Weg ist frei fÃ¼r die bedeutendste Gleichstellungsreform seit Jahrzehnten. ğŸ¥³ğŸ‰,8,190,7
instagram.com,https://www.instagram.com/fdp_schweiz/,3658441334763850600_2018933737,"Â«Wie soll man einen WK durchfÃ¼hren, wenn es nicht mal einen Koch hat?Â». Bis 2030 fehlen der Schweizer Armee schÃ¤tzungsweise bis zu 30'000 Personen. Dies in einer Zeit, in der in Europa wieder Krieg herrscht und unsere Nachbarstaaten massiv aufrÃ¼sten. Bundesrat und Parlament mÃ¼ssen Massnahmen ergreifen, um die in der Verfassung verankerte Wehrpflicht zu stÃ¤rken. ğŸª–ğŸ«¡ ğŸ“º Link zum gesamten Beitrag in unserer bio",2,144,25
instagram.com,https://www.instagram.com/fdp_schweiz/,3657742104785296894_2018933737,"ğŸ” Was tun in einer Welt steigender Unsicherheit, Protektionismus und geopolitischer Spannungen? ğŸ“ˆ Was es braucht: Offene MÃ¤rkte, weniger BÃ¼rokratie und gute Rahmenbedingungen. ğŸ“‰ Was es nicht braucht: Populistische Reflexe wie GegenzÃ¶lle, die unsere Wirtschaft in anspruchsvollen Zeiten zusÃ¤tzlich belasten.",2,51,0
instagram.com,https://www.instagram.com/fdp_schweiz/,3657012808458270196_2018933737,"Kantonale MindestlÃ¶hne dÃ¼rfen nicht lÃ¤nger GesamtarbeitsvertrÃ¤ge (GAV) aushebeln. Diese wichtige GesetzesÃ¤nderung hat die FDP im Nationalrat verlangt â€“ und sich heute durchgesetzt. ğŸ‘‰ Staatlich verordnete MindestlÃ¶hne fÃ¼hren zu weniger Jobs. Sie vernichten die Stellen der Einsteiger, der Ungelernten und der BerufstÃ¤tigen mit einfachen Qualifikationen.  ğŸ‘‰ Gewerkschaftsbosse kÃ¼mmert das nicht. Jeder Trick ist ihnen recht, um die Sozialpartnerschaft zu schwÃ¤chen â€“ und GesamtarbeitsvertrÃ¤ge mit kantonalen Lohndiktaten zu Ã¼bersteuern. ğŸ“° Medienmitteilung: link in bio",1,91,10
instagram.com,https://www.instagram.com/fdp_schweiz/,3654759583856039011_17233619041,"Les Femmes PLR attirent lâ€™attention sur les mÃ©dias sociaux Ã  lâ€™occasion de la journÃ©e de la grÃ¨ve des femmes. Nous aussi, nous nous engageons pour lâ€™Ã©galitÃ© des chances, un salaire Ã©gal pour un travail Ã©gal, le tÃ©lÃ©travail, le travail Ã  temps partiel, les bons de garde dâ€™enfants, lâ€™imposition individuelle et bien dâ€™autres choses encore. Mais nous sommes constructives, nous mettons la main Ã  la pÃ¢te et mettons le rÃ©veil, que ce soit pour le travail, la famille ou les activitÃ©s bÃ©nÃ©voles. Les femmes veulent Ãªtre entendues et vues - elles aussi sont une partie importante de notre sociÃ©tÃ© ! Envie dâ€™en savoir plus ? https://www.fdp.ch/mitglied-werden/  #frauenstreik2025",8,96,3
instagram.com,https://www.instagram.com/fdp_schweiz/,3654750088950055929_17233619041,"Le donne PLR si fanno notare sui social media in occasione della giornata dello sciopero femminile. Anche noi ci impegniamo per le pari opportunitÃ , la paritÃ  salariale, il telelavoro, il lavoro a tempo parziale, i buoni per la custodia dei bambini, lâ€™imposizione individuale e molto altro ancora. Ma lo facciamo in modo costruttivo, ci rimbocchiamo le maniche e puntiamo la sveglia â€“ per il lavoro, la famiglia o lâ€™impegno volontario. Le donne vogliono essere ascoltate e viste â€“ perchÃ© anche loro sono una parte fondamentale della nostra societÃ ! Ti va di saperne di piÃ¹? https://www.fdp.ch/mitglied-werden/  #frauenstreik2025",8,83,6
instagram.com,https://www.instagram.com/fdp_schweiz/,3654738515732765396_17233619041,"Die FDP Frauen machen am Frauenstreiktag auf Social Media auf sich aufmerksam. Auch wir stehen ein fÃ¼r Chancengerechtigkeit, gleicher Lohn fÃ¼r gleiche Arbeit, Homeoffice, Teilzeitarbeit, Kinderbetreuungsgutscheine, die Individualbesteuerung und vieles mehr. Wir sind aber konstruktiv, packen an und stellen den Wecker, sei es fÃ¼r den Beruf, die Familie oder ehrenamtliche TÃ¤tigkeiten. Frauen wollen gehÃ¶rt und gesehen werden - auch sie sind ein wichtiger Teil unserer Gesellschaft! Lust auf mehr? https://www.fdp.ch/mitglied-werden/ #frauenstreik2025",8,106,7
instagram.com,https://www.instagram.com/fdp_schweiz/,3651964398697089260_2018933737,"ğŸ¤¯BÃ¼rokratiemonster Individualbesteuerung? Ganz im Gegenteil!  Susanne Vincenz-Stauffacher erklÃ¤rt, warum die Individualbesteuerung nicht nur mehr Fairness schafft, sondern auch die SteuerÃ¤mter entlastet. ğŸ’¡ Die Zeit ist reif fÃ¼r ein gerechtes Steuersystem: Arbeit muss sich lohnen â€“ auch fÃ¼r Zweitverdienende. ğŸ’ª ğŸ’™",2,94,3
instagram.com,https://www.instagram.com/fdp_schweiz/,3651754665419592284_2018933737,"""Mir liegt es am Herzen, dass man auch mit einer Berufslehre in der Schweiz ein gutes Leben fÃ¼hren kann."" â°FÃ¼r alle, die den Wecker stellen.  Ob im Job, in der Familie oder im Ehrenamt â€“ Ihr haltet den Laden am Laufen. Danke Euch. FÃ¼r Euch machen wir Politik. ğŸ’™ #fdpwecker",2,119,3
instagram.com,https://www.instagram.com/fdp_schweiz/,3648995329119269054_2018933737,In Krisensituationen ist SolidaritÃ¤t gefragt.  Die FDP unterstÃ¼tzt die vom Bundesrat beantragte Soforthilfe fÃ¼r die Gemeinde Blatten und dankt den EinsatzkrÃ¤ften sowie der @armee.ch fÃ¼r ihren EinsatzÂ vorÂ Ort. @thierryburkart,1,81,0
instagram.com,https://www.instagram.com/fdp_schweiz/,3648246797781311091_2018933737,"ğŸ” Gesucht wird: Ein PrÃ¤sidium fÃ¼r die freiheitliche Schweiz.  Die Schweiz rutscht nach links. Nur noch die FDP kÃ¤mpft konsequent fÃ¼r all jene in diesem Land, die Verantwortung fÃ¼r sich und andere Ã¼bernehmen. â° FÃ¼r all jene BÃ¼rgerinnen und BÃ¼rger wird die FDP am 18. Oktober 2025 eine neue PrÃ¤sidentin/einen neuen PrÃ¤sidenten wÃ¤hlen. Finde in unserer Bildstrecke heraus, wie genau dies ablaufen wird ğŸ—³ï¸ @thierryburkart",8,165,4
instagram.com,https://www.instagram.com/fdp_schweiz/,3647607298508303999_2018933737,"Der Nationalrat folgt der FDP und spricht sich fÃ¼r die Beibehaltung verstÃ¤rkter Grenzkontrollen aus.  Ein richtiger und notwendiger Entscheid, um illegale Migration und grenzÃ¼berschreitende KriminalitÃ¤t wirksam einzudÃ¤mmen.  @peter_schilliger  ğŸ‘‰ Mehr dazu erfÃ¤hrst Du Ã¼ber den Link in unserer Bio.",1,65,1
instagram.com,https://www.instagram.com/fdp_schweiz/,3646820590337137224_2018933737,"StÃ¤nderat Thierry Burkart hat sich entschieden, sein Amt als PrÃ¤sident der FDP.Die Liberalen nach vier Jahren per Oktober 2025 niederzulegen.  Zur Bestimmung seiner Nachfolge setzt die Partei eine Findungskommission ein.  Die FDP dankt ihrem PrÃ¤sidenten bereits heute fÃ¼r sein ausserordentliches Engagement, seine umsichtige FÃ¼hrung und seinen unermÃ¼dlichen Einsatz fÃ¼r die liberale Sache. ğŸ’™ ğŸ“°Medienmitteilung : Link in bio @thierryburkart",1,248,6
instagram.com,https://www.instagram.com/fdp_schweiz/,3646745768936863470_2018933737,Nach zÃ¤hem Ringen in National- und StÃ¤nderat steht seit heute die Einigung fÃ¼r die Individualbesteuerung.ğŸ’ª Damit ist die Vorlage bereit fÃ¼r die Schlussabstimmung. Es wÃ¤re eine historische Reform fÃ¼r die Gleichberechtigung von Mann und Frau. ğŸ’ƒğŸ•º,1,206,5
instagram.com,https://www.instagram.com/fdp_schweiz/,3646652529098818525_2018933737,"Arbeit muss sich lohnen â€“ unabhÃ¤ngig von Lebensform oder Geschlecht. ğŸ’¼ğŸ‘©â€ğŸ‘©â€ğŸ‘§â€ğŸ‘¦ Die Individualbesteuerung ist die wichtigste Gleichstellungsreform seit Jahrzehnten: âœ… Sie schafft Erwerbsanreize âœ… Sie stÃ¤rkt die Karrierechancen von ZweitverdienerInnen (meist Frauen) âœ… Sie verbessert deren Altersvorsorge Heute hat der StÃ¤nderat die Chance, dieser zentralen Gleichstellungsreform endlich zum Durchbruch zu verhelfen. ğŸ’ªâš–ï¸",2,95,5
instagram.com,https://www.instagram.com/fdp_schweiz/,3638041384297304105_2018933737,3'000 Franken weniger im Portemonnaie? ğŸ˜¢ğŸ˜¥ NEIN zum Angriff auf den Mittelstand!  âœï¸ Jetzt Petition unterzeichnen und Post teilen (link in bio),1,145,2
instagram.com,https://www.instagram.com/fdp_schweiz/,3636643867234684206_2018933737,"LÃ¶hne schwÃ¤chen, Konsum verteuern? ğŸ«¨ NEIN zum Angriff auf den Mittelstand!  Jetzt Petition unterzeichnen und Post teilen (link in bio) ğŸ’ª",8,184,7
instagram.com,https://www.instagram.com/fdp_schweiz/,3634278861782304520_2018933737,"â°FÃ¼r alle, die den Wecker stellen.  Ob im Job, in der Familie oder im Ehrenamt â€“ Ihr haltet den Laden am Laufen.  Danke Euch. FÃ¼r Euch machen wir Politik. ğŸ’™  #fdpwecker",2,125,3
instagram.com,https://www.instagram.com/fdp_schweiz/,3633058072557081764_2018933737,"SP-BundesrÃ¤tin Elisabeth Baume-Schneider hat heute ihre VorschlÃ¤ge zur Sanierung der AHV prÃ¤sentiert. Sie wÃ¤hlt den einfachsten â€“ und zugleich schÃ¤dlichsten â€“ Weg: hÃ¶here LohnbeitrÃ¤ge und eine ErhÃ¶hung der Mehrwertsteuer. ğŸ’¸ğŸ«¨ Damit schwÃ¤cht sie die LÃ¶hne des Mittelstands und verteuert den tÃ¤glichen Einkauf. Den Kopf hinhalten sollen einmal mehr all jene, die den Wecker stellen. â° ğŸ‘‰ Mehr dazu findest Du Ã¼ber Link in unserer Bio #fdpwecker",8,304,16
instagram.com,https://www.instagram.com/fdp_schweiz/,3627303241901598656_2018933737,Der Nationalrat hat heute einen wichtigen Kompromiss geschafft: KÃ¼nftig soll das Zweiteinkommen â€“ oft das der Frau â€“ nicht mehr steuerlich bestraft werden. ğŸ’ğŸ§‘â€ğŸ¤â€ğŸ§‘ Gemeinsam mit der FDP setzt sich die grosse Kammer fÃ¼r faire Steuern und echte Gleichberechtigung ein.  Sollen Frauen gleiche Rechte erhalten â€“ auch bei den Steuern? Jetzt sind alle fortschrittlichen KrÃ¤fte im StÃ¤nderat gefragt!   #Individualbesteuerung #IndirekterGegenvorschlag,2,128,4
instagram.com,https://www.instagram.com/fdp_schweiz/,3627300105963699311_17233619041,Heute haben wir im Nationalrat die Differenzbereinigung durchgefÃ¼hrt und den erarbeiteten Kompromiss gutgeheissen.   Ein Erfolg fÃ¼r uns FDP Frauen und unsere Mitstreiterinnen und Mitstreiter! Jetzt geht das GeschÃ¤ft zum letzten Mal zurÃ¼ck in den StÃ¤nderat! ğŸ‰ğŸ‰ğŸ‰ #Individualbesteuerung #Steuergerechtigkeitsinitiative #Finanzkompetenz #VereinbarkeitvonBerufundFamilie @fdp_schweiz @individualbesteuerung_ch  @individualbesteuerung_zh  @taskforce4women  @bpw_switzerland  @alliancef.ch,8,184,4
instagram.com,https://www.instagram.com/fdp_schweiz/,3626593290065974251_2018933737,"Es ist nicht akzeptabel, dass Personen ohne Asylanspruch gezielt in die Schweiz reisen, um das Gesundheitswesen auszunÃ¼tzen. ğŸ¥ Gut, dass der Nationalrat das Problem erkennt und einem FDP-Vorstoss zustimmt, der diesen Missbrauch stoppt. ğŸ›‘ @jacqueline.de_quattro",2,136,2
instagram.com,https://www.instagram.com/fdp_schweiz/,3625624158638280168_2018933737,"Wir sagen Danke! ğŸ’™  Innerhalb weniger Tage haben Tausende von BÃ¼rgerinnen und BÃ¼rger die Crowdlobbying-Plattform der FDP genutzt, um an der Vernehmlassung teilzunehmen und so ihre Ablehnung gegen die Besteuerung von Vorsorgeguthaben kundzutun. Sollten die Linke und die BefÃ¼rworter dieser ungerechten Vorsorgesteuer im Parlament die Oberhand gewinnen, wird die FDP ein Referendum lancieren.",1,129,2
instagram.com,https://www.instagram.com/fdp_schweiz/,3624213044885173767_2018933737,Noch keine LektÃ¼re fÃ¼rs verregnete Wochenende? ğŸ“°â˜” Lies jetzt die neue Mai-Ausgabe des Schweizer Freisinn (link in bio)! ğŸ”¥ Lieber in Papierform? Abonniere kostenlos den Schweizer Freisinn und erhalte viermal pro Jahr neues Lesefutter (link in bio) ğŸ‰,1,87,0
instagram.com,https://www.instagram.com/fdp_schweiz/,3621227538365317275_2018933737,Noch 6ï¸âƒ£ Tage um ganz einfach Deine eigene Vernehmlassungsantwort zu verfassen und NEIN zu einer Steuer auf Deine Altersvorsorge zu sagen! ğŸ”—link in bio,1,64,1
instagram.com,https://www.instagram.com/fdp_schweiz/,3620719038942016797_2018933737,Die Kantone befinden sich am Anschlag beim Vollzug von Wegweisungen.  HÃ¼rden wie frÃ¼he Abflugzeiten ğŸ›« oder logistische Herausforderungen sollen beseitigt und Kantone stÃ¤rker entlastet werden! ğŸ‹ Swipe links um mehr zu erfahren ğŸ‘€,8,115,0
instagram.com,https://www.instagram.com/fdp_schweiz/,3617747272159610602_2018933737,"âŒ NEIN zur Vorsorgesteuer! Beteilige dich jetzt mit wenigen Klicks an der Vernehmlassungsantwort des Bundes.  Der Bundesrat will die Besteuerung von KapitalbezÃ¼gen in der zweiten und dritten SÃ¤ule erhÃ¶hen ğŸ˜®. Eine ErhÃ¶hung der Vorsorgesteuer ist ungerecht und wÃ¼rde das Portemonnaie der Mittelschicht aus folgenden GrÃ¼nden stark belasten:  1ï¸âƒ£ Wer sein Leben lang hart gearbeitet, jedes Jahr auf Konsum verzichtet und aktiv fÃ¼r die Rente gespart hat, darf nicht nachtrÃ¤glich zur Kasse gebeten werden. 2ï¸âƒ£ Eine SteuererhÃ¶hung auf Vorsorgegelder ist unfair und unseriÃ¶s. Menschen, die Ã¼ber Jahrzehnte in die zweite oder dritte SÃ¤ule einbezahlt haben, konnten nicht damit rechnen, dass die Regeln wÃ¤hrend des Spiels plÃ¶tzlich geÃ¤ndert werden.  3ï¸âƒ£ Die SteuererhÃ¶hungen sind massiv, insbesondere fÃ¼r den Mittelstand: Bei einem Bezug von 500â€™000 Franken, was dem Medianwert des VorsorgevermÃ¶gens in der zweiten SÃ¤ule am Ende des Erwerbslebens entspricht, steigt die Bundessteuer um 67â€¯%.  ğŸ‘‰Beteilige dich jetzt ganz einfach an der Vernehmlassung des Bundes (link in bio). Deine Meinung zÃ¤hlt!",1,222,2
instagram.com,https://www.instagram.com/fdp_schweiz/,3617173943199609719_2018933737,"ğŸ™ï¸Nationalrat und Unternehmer Simon Michel warnt: Die Juso-Enteignungsinitiative gefÃ¤hrdet unsere Familienunternehmen! Um die geforderten 50% Steuern bezahlen zu kÃ¶nnen, bleibt den Erben oft keine andere Wahl, als einen Teil oder sogar das gesamte Familienunternehmen zu verkaufen. Was wÃ¤ren die gravierendsten Folgen? Ãœbernahme durch â€“ meist auslÃ¤ndische â€“ Investoren, Verschwinden von bekannten Marken und der Verlust von mehreren Tausend ArbeitsplÃ¤tzen. âŒNEIN zur Juso-Enteignungsinitiative! @simonmichel.ch",2,143,5
instagram.com,https://www.instagram.com/fdp_schweiz/,3610603289318916313_2018933737,"""Stellen Sie sich vor, es wÃ¤re CÃ©dric Wermuth am Telefon gewesen!"" ğŸ“ Schau Dir den ganzen Beitrag Ã¼ber den Link in unserer Bio an! ğŸ‘€ @thierryburkart",2,335,6
instagram.com,https://www.instagram.com/fdp_schweiz/,3609850586140858251_2018933737,Wir gratulieren Peter Hodel herzlich zur Wiederwahl in den Regierungsrat des Kantons Solothurn!Â ğŸ’#TeamFDP #SO,1,173,0
instagram.com,https://www.instagram.com/fdp_schweiz/,3608458908885390998_2018933737,Dank der FDP kehrt Ruhe im Chaos rund um die internationalen Adoptionen einğŸ‰ğŸ‘ Erfahre auf unserer Website mehr zum Thema (link in bio) @simogianini,2,97,0
instagram.com,https://www.instagram.com/fdp_schweiz/,3607823052482928647_2018933737,"Unter dem Deckmantel der Â«FairnessÂ» wollen Â«MitteÂ»-Partei und Linke die LÃ¶hne schwÃ¤chen â€“ und die Preise beim tÃ¤glichen Einkauf erhÃ¶hen. Dies ist unverantwortlich und auch nicht ehrlich.  Die FDP zeigt stattdessen den fairen Weg auf und bietet Hand fÃ¼r eine Modernisierung der AHV.  ğŸ‘‰ KÃ¼nftig sollen Ehepaare zwei individuelle AHV-Renten erhalten, genauso wie unverheiratete Paare.  ğŸ‘‰ Im Gegenzug sollen verbleibende Elemente, die am Zivilstand anknÃ¼pfen und damit Ehepaare gegenÃ¼ber Nichtverheirateten begÃ¼nstigen, wegfallen, um eine faire und zeitgemÃ¤sse Gleichbehandlung aller Lebensmodelle sicherzustellen. @andrisilberschmidt @reginesauter",8,131,1
instagram.com,https://www.instagram.com/fdp_schweiz/,3606218623635797937_2018933737,ğŸ™ï¸Nationalrat Heinz Theiler warnt vor den Gefahren der Juso-Enteignungsinitiative: âŒ Extreme Steuerlast fÃ¼r Unternehmen âŒ Existenzrisiko fÃ¼r Familienbetriebe und KMU âŒ Verlust von tausenden ArbeitsplÃ¤tzen @heinztheiler @fdpschwyz,2,80,1
instagram.com,https://www.instagram.com/fdp_schweiz/,3605461108065143032_2018933737,SP und Â«MitteÂ» haben einen gigantischen Raubzug auf die LÃ¶hne des arbeitenden Mittelstands ğŸ‘·â€â™€ï¸ğŸ‘¨â€ğŸ’¼ und auf die KMU ğŸ­ lanciert! Mehr dazu im Link in unserer Bio â°â°â° #fdpwecker,8,244,8
instagram.com,https://www.instagram.com/fdp_schweiz/,3602603522299048110_2018933737,"Angesichts der von den USA verhÃ¤ngten ZÃ¶lle muss die Schweiz die Steuern senken, den Staat entschlacken und das kontinuierliche Wachstum der Bundesausgaben bremsen. Zeitgleich muss der Bundesrat versuchen, mit der US-Regierung Ã¼ber Ausnahmen zu verhandeln. Die angekÃ¼ndigten ZÃ¶lle schaden unserem Wohlstand und gefÃ¤hrden unsere LÃ¶hne und die Finanzierung wichtiger staatlicher Leistungen wie AHV und Bildung. Deshalb fordert die FDP ein  Revitalisierungsprogramm fÃ¼r unsere Wirtschaft: ğŸ‘‰ Steuern und GebÃ¼hren mÃ¼ssen gesenkt werden und die Lohnkosten dÃ¼rfen auf keinen Fall ansteigen. ğŸ‘‰ Die bewÃ¤hrten bilateralen Wege mÃ¼ssen erhalten bleiben. Es ist unverantwortlich, dass die SVP in diesen Zeiten die Bilateralen kÃ¼ndigen will. ğŸ‘‰ Keine staatliche BewilligungsbehÃ¶rde fÃ¼r internationale Investitionen: Die von Mitte, SVP und SP geplanten Investitionskontrollen schrecken auslÃ¤ndisches Kapital ab, gefÃ¤hrden ArbeitsplÃ¤tze sowie Innovation, und wÃ¼rden den Bundesapparat weiter aufblasen. Lesen Sie die gesamte Medienmitteilung auf unserer Website (Link in Bio)",1,217,11
instagram.com,https://www.instagram.com/fdp_schweiz/,3601269273906228182_2018933737,"Die Wirtschaftskommission des Nationalrats schmiedet einen Kompromiss und kÃ¤mpft mit der FDP fÃ¼r faire Steuern âš–ï¸.  ğŸ¤ Auf Basis des Kompromissvorschlags von FDP-PrÃ¤sident @Thierry Burkart prÃ¤sentiert sie eine LÃ¶sung ğŸ’¡, die von allen fortschrittlichen KrÃ¤ften im Parlament mitgetragen werden kann.  ğŸ’ª Arbeit wÃ¼rde sich fÃ¼r alle wieder lohnen â€“ ob ledig oder verheiratet ğŸ’, ob Frau oder Mann. Damit die wichtigste Gleichberechtigungsreform seit Jahrzehnten im Parlament gelingt, braucht es nun den vollen Einsatz aller.  ğŸ‘‰ ZÃ¤hlt Gleichberechtigung wirklich oder wird sie nur in Sonntagsreden beschworen? Fortschritt ğŸš€ oder Parteitaktik? In den nÃ¤chsten Sessionen werden National- und StÃ¤nderat sich entscheiden mÃ¼ssen.  Zur Medienmitteilung: https://bit.ly/3E5NHzf",1,163,3
instagram.com,https://www.instagram.com/fdp_schweiz/,3597637461288024850_2018933737,"ğŸ™ï¸NationalrÃ¤tin Kristiane Vietze Ã¼ber die Gefahren der Juso-Enteignungsinitiative:  âŒ Abwanderung der grÃ¶ssten Steuerzahler ins Ausland  âŒ SteuerausfÃ¤lle, die vom Mittelstand und KMU getragen werden mÃ¼ssen  âŒ GefÃ¤hrdung des Unternehmertums und Verlust von ArbeitsplÃ¤tzen  @kristianevietze  @fdp_thurgau",2,339,13
instagram.com,https://www.instagram.com/fdp_schweiz/,3593198512981305228_2018933737,"Wer nur auf Sozialausgaben setzt und die Sicherheitspolitik ignoriert, handelt blauÃ¤ugig. FÃ¼r uns bei der FDP Schweiz steht fest: Der Staat muss seine Kernaufgaben erfÃ¼llen â€“ dazu gehÃ¶rt auch eine robuste Verteidigung. In diesem Ausschnitt seht ihr, warum wir dringend ein â€Fitnessprogrammâ€œ fÃ¼r den Bund brauchen, damit unsere Verwaltung und Armee effizient funktionieren.  #fdp #fdpdieliberalen #sicherheit #schweiz #bund #politik #effizienz #realismus #zukunftgestalten #swisspolitics",2,194,5
instagram.com,https://www.instagram.com/fdp_schweiz/,3591748719155296428_2018933737,ğŸ™ï¸Juso-Enteignungsinitiative: Interview mit Nationalrat Marcel Dobler Die JUSO mÃ¶chte eine Erbschaftssteuer von 50% auf ein VermÃ¶gen Ã¼ber 50 Millionen Franken einfÃ¼hren. Was bedeutet das fÃ¼r die Zukunft?  âŒ Eine Abwanderung der grÃ¶ssten Steuerzahler ins Ausland und damit einhergehend Arbeitsplatzverluste sowie SteuererhÃ¶hungen fÃ¼r den Mittelstand!,2,499,42
instagram.com,https://www.instagram.com/fdp_schweiz/,3588138376524932584_2018933737,Wie lÃ¤uft die FrÃ¼hjahrssession?  ğŸ‘‰FDP-Fraktionschef @damien.cottier zieht eine Zwischenbilanz.,2,83,2
instagram.com,https://www.instagram.com/fdp_schweiz/,3587272947392783985_2018933737,"Null Toleranz fÃ¼r kriminelle Asylbewerber!  ğŸ‘‰Wer unsere Gesetze bricht, verwirkt sein Recht auf Schutz und muss unser Land verlassen. #sicherheit #asyl #kriminalitÃ¤t #fdp_schweiz  @christianwasserfallen",2,314,29
instagram.com,https://www.instagram.com/fdp_schweiz/,3585205834679126442_2018933737,ğŸš« NEIN zum Verbot internationaler Adoptionen!ğŸš«  #Chancen #statt #Verboten,2,128,4
instagram.com,https://www.instagram.com/fdp_schweiz/,3583589860532156168_2018933737,"ğŸšº INTERNATIONALER FRAUENTAG ğŸšº Die @fdpfrauenschweiz und die FDP setzen sich konsequent fÃ¼r reale Fortschritte in der Gleichberechtigung ein: Die Individualbesteuerung stÃ¤rkt die Selbstbestimmung der Frauen. Sie verbessert ihre Karriereperspektiven. Und sie sichert ihre Altersvorsorge.  Unser Engagement fÃ¼r faire Steuern ist der neuste Schritt in einer Reihe von Reformen, die auf dem Weg zur Gleichberechtigung gewagt und gewonnen wurden: â€¢ 1971: Schweizer Frauen erhalten endlich das Stimm- und Wahlrecht auf Bundesebene. Trotzdem dauert es bis 1990 (!), bis Frauen wirklich in allen Kantonen wÃ¤hlen und abstimmen kÃ¶nnen. â€¢ 1984: Elisabeth Kopp, Mitglied der FDP, wird als erste Frau in den Bundesrat gewÃ¤hlt. â€¢ 1988: Das neue Eherecht tritt in Kraft. Erst jetzt sind Frau und Mann in der Ehe gleichgestellt. Bis 1988 galt der Mann als Oberhaupt der Familie, Frauen durften ohne seine Bewilligung keine Stelle annehmen und kein Bankkonto erÃ¶ffnen. â€¢ 2002: Nach einem hitzigen Abstimmungskampf wird die FristenlÃ¶sung angenommen. Nun ist der Abbruch einer Schwangerschaft in den ersten zwÃ¶lf Wochen legal â€“ ein wichtiger Schritt fÃ¼r die weibliche Selbstbestimmung. â€¢ 2025: Die Individualbesteuerung. Gelingt es der Schweiz endlich, verheiratete Frauen auch steuerlich gleichzustellen? Die Zeichen stehen gut: Die Wirtschaftskommission des StÃ¤nderats unterstÃ¼tzt den indirekten Gegenvorschlag des Bundesrats zur Volksinitiative der FDP.   #internationalwomensday #internationalerfrauentag #Gleichberechtigung",1,245,4
instagram.com,https://www.instagram.com/fdp_schweiz/,3580709134690262040_2018933737,"Man kann es drehen und wenden, wie man will. Am Ende zahlt der Mittelstand die milliardenschweren SteuerausfÃ¤lle der Juso-Enteignungsinitiative. Deshalb engagieren wir uns, um die Linke zu stoppen. Hilfst Du mit? Parallel zur FrÃ¼hjahrssession von National- und StÃ¤nderat lancieren wir die 1. Welle der FDP-Kampagne, die die Probleme der Initiative aus den ehrwÃ¼rdigen Hallen des Bundeshauses in die Ã–ffentlichkeit trÃ¤gt. Die Kampagne bringt unsere Kernbotschaft auf den Punkt: Am Ende zahlt der Mittelstand die SteuerausfÃ¤lle. Mit diesem frÃ¼hen Start unterstreicht die FDP die Bedeutung, die wir dieser NEIN-Kampagne beimessen. Denn eines ist klar: Die FDP schÃ¼tzt den Mittelstand vor neuen Steuern und verhindert den Zwangsverkauf von Familienunternehmen.  Wir zÃ¤hlen auf deine UnterstÃ¼tzung!",1,324,6
instagram.com,https://www.instagram.com/fdp_schweiz/,3580237158553066750_2018933737,"Ab 2026 wird die 13. AHV-Rente ausbezahlt â€“ die Finanzierung bleibt ungeklÃ¤rt. âŒ Wer jeden Tag den â° stellt, um zu arbeiten oder sich um die Familie zu kÃ¼mmern, darf nicht durch immer noch hÃ¶here Steuern und Abgaben belastet werden! ğŸš«ğŸ’¸",2,177,12
instagram.com,https://www.instagram.com/fdp_schweiz/,3580053366953640659_2018933737,Wir gratulieren @ganzerstephane herzlich zur Wahl in den Regierungsrat des Kantons Wallis! ğŸ’ #TeamFDP @plrvalais,1,144,1
instagram.com,https://www.instagram.com/fdp_schweiz/,3577948676312802555_2018933737,"Erfolg! ğŸ’™ğŸ‰Die schriftliche LehrabschlussprÃ¼fung in Allgemeinbildung doch nicht abgeschafft. Auf Druck der FDP knickt der Bundesrat ein. FDP-PrÃ¤sident Thierry Burkart, StÃ¤nderat Matthias Michel und viele andere Freisinnige wehrten sich gegen die irregeleitete Bildungsreform â€“ und gewannen.",1,232,1
instagram.com,https://www.instagram.com/fdp_schweiz/,3572861800673455890_2018933737,"Die FDP mÃ¶chte, dass internationale Adoptionen weiterhin mÃ¶glich sind âœ… Wir fordern Bundesrat Beat Jans mit einer Motion auf, von einem generellen Verbot abzusehen. Was ist passiert? ğŸ¤” Bundesrat Beat Jans mÃ¶chte, dass Schweizerinnen und Schweizer kÃ¼nftig keine Kinder mehr im Ausland adoptieren dÃ¼rfen. Er will damit MissbrÃ¤uche bekÃ¤mpfen.  ğŸ‘‰ WÃ¤hrend unbestritten ist, dass jeglicher Missbrauch bekÃ¤mpft werden muss, verbaut der Justizminister mit einem generellen Verbot Tausenden von Kindern die Chance auf ein besseres Leben und liebevolle Eltern in der Schweiz. ğŸ‘‰ Die FDP-Vertreterinnen und Vertreter in der Rechtskommission des Nationalrates haben letzte Woche mit einer Motion reagiert. Sie fordern den SP-Magistraten auf, das Verbot sofort zu stoppen. ğŸ“½ï¸ Nationalrat @simogianini @plrticino",2,105,1
instagram.com,https://www.instagram.com/fdp_schweiz/,3567189971694840927_2018933737,"Gute Neuigkeitenâœ… Der Bundesrat spricht sich fÃ¼r eine FDP-Motion aus, die dem Medizintourismus von Georgiern einen Riegel schiebt. Es ist nicht akzeptabel, dass Personen ohne Asylanspruch gezielt in die Schweiz reisen, um das Gesundheitswesen auszunÃ¼tzen. ğŸ‘‰Wer als Asylsuchender in die Schweiz einreist, wird selbstverstÃ¤ndlich medizinisch versorgt. Wie es unsere NationalrÃ¤tin @jacqueline.de_quattro im Herbst erkannt und thematisiert hat, wird diese UnterstÃ¼tzung jedoch teilweise ausgenutzt. Personen reisen visafrei in die Schweiz ein und stellen ein â€“ absolut aussichtsloses â€“ Asylgesuch, um sich wÃ¤hrend des Verfahrens gratis behandeln zu lassen. Danach reisen sie wieder in ihr Heimatland zurÃ¼ck. ğŸ‘‰Die FDP setzt sich fÃ¼r eine harte, aber faire Asylpolitik ein. Nur durch Massnahmen gegen Missbrauch kann sichergestellt werden, dass die humanitÃ¤re Tradition der Schweiz von der BevÃ¶lkerung weiterhin mitgetragen wird. Dazu muss die Schweiz ihre Grenzen gezielt schÃ¼tzen und abgewiesene Asylsuchende zurÃ¼ckschicken.",2,155,21
instagram.com,https://www.instagram.com/fdp_schweiz/,3566400852169395616_2018933737,"Die Volksschule ist demontiert. Nun greifen linke BÃ¼rokraten die Berufslehre an. âš ï¸ Die schriftliche LehrabschlussprÃ¼fung in Allgemeinbildung soll abgeschafft werden. Neu soll eine Hausarbeit genÃ¼gen. âš ï¸ Die FDP kÃ¤mpft seit Monaten gegen diese PlÃ¤ne der Verwaltung.  Wir finden: Allgemeinbildung ist wichtig â€“ gerade fÃ¼r Jugendliche, die an der Schwelle zum Erwachsenenleben stehen: âœ… Wer sich fÃ¼r eine Stelle bewirbt, muss das Arbeitsrecht kennen. âœ… Wer eine Wohnung mietet, soll das Mietrecht verstehen. âœ… Wer abstimmt oder wÃ¤hlt, braucht Wissen Ã¼ber die politischen Institutionen der Schweiz. ğŸ¤ Gemeinsam mit Lehrpersonen und Experten warnen wir vor einer Degradierung der Allgemeinbildung und vor einer weiteren AushÃ¶hlung des Leistungsprinzips. ğŸ”µ FÃ¼r die FDP ist klar: SchÃ¼lerinnen und SchÃ¼ler mÃ¼ssen bei PrÃ¼fungen ihr Wissen unter Beweis stellen. Ihre Hausarbeiten kÃ¶nnten sie dagegen einfach von einer kÃ¼nstlichen Intelligenz schreiben lassen. ğŸ”µ ParteiprÃ¤sident @thierryburkart will die Abschaffung der schriftlichen LehrabschlussprÃ¼fung verhindern und reicht einen Vorstoss ein. Burkart: Â«Die Schweiz braucht mÃ¼ndige, demokratiereife BÃ¼rgerinnen und BÃ¼rger. Ich lehne diese SchwÃ¤chung der Berufsschule vehement ab. Allgemeinbildung kann sich doch nicht darauf beschrÃ¤nken, kÃ¼nstliche Intelligenz zu bedienen.Â» Interessiert? Lesen Sie die vollstÃ¤ndige Medienmittelung auf der Website der FDP.",1,341,9
instagram.com,https://www.instagram.com/fdp_schweiz/,3564270555328059338_2018933737,Wir gratulieren Christian Marti herzlich zur Wahl in den Regierungsrat des Kantons Glarus! ğŸ’ #TeamFDP,1,204,4
instagram.com,https://www.instagram.com/fdp_schweiz/,3564192012396978483_2018933737,"Geschafft!ğŸ‰ Die Verarmungsinitiative wurde von einer grossen Mehrheit abgelehnt ğŸ™ŒğŸ».  Der FDP ist es gelungen, das enorme Schadenspotential der grÃ¼nen Initiative aufzuzeigen. Herzlichen Dank fÃ¼r deine Stimme!",1,356,9
instagram.com,https://www.instagram.com/fdp_schweiz/,3560638940059378211_2018933737,ğŸ—³ NEIN zu einer PreiserhÃ¶hung auf AlltagsgÃ¼ter! Stimmen wir NEIN zur Verarmungsinitiative! Fristen fÃ¼r die Stimmabgabe ğŸ‘‡ âœ‰ Bis heute per ğŸ…±ï¸ Post âœ‰ Bis Donnerstag per ğŸ…°ï¸ Post  ğŸ“® Bis Sonntag in den Gemeindebriefkasten. âœ Am Sonntag im Wahllokal Ihrer Gemeinde.,8,89,0
